{
    "10m": {
        "accuracy": 0.5692307692307692,
        "base_accuracy": 0.47216035634743875,
        "precision": 0.46446700507614214,
        "recall": 0.8755980861244019,
        "f1": 0.6069651741293532,
        "auc": 0.4923245614035088,
        "high_conf_accuracy": 0.5692307692307692,
        "threshold": 0.8100000000000003,
        "feature_importance": [
            [
                "lag_vol_5",
                0.03312520541489
            ],
            [
                "ema_dist_200",
                0.033032025117589195
            ],
            [
                "ema_dist_99",
                0.03238712762457857
            ],
            [
                "volatility_30",
                0.0313287122374407
            ],
            [
                "cci_20",
                0.03128156284926814
            ],
            [
                "rsi_vol_ratio",
                0.03082495880709691
            ],
            [
                "signal",
                0.030688062080493045
            ],
            [
                "ma_dist_200",
                0.030091482502546625
            ],
            [
                "volume_ma_20",
                0.02994883249259746
            ],
            [
                "atr_14",
                0.029602491034824728
            ]
        ],
        "features": [
            "lag_vol_5",
            "ema_dist_200",
            "ema_dist_99",
            "volatility_30",
            "cci_20",
            "rsi_vol_ratio",
            "signal",
            "ma_dist_200",
            "volume_ma_20",
            "atr_14"
        ],
        "sample_size": 4486,
        "training_date": "2026-02-08 14:27:16",
        "f1_score": 0.6069651741293532
    },
    "30m": {
        "accuracy": 0.6428571428571429,
        "base_accuracy": 0.4673231871083259,
        "precision": 0.46439957492029754,
        "recall": 0.8276515151515151,
        "f1": 0.5949625595643295,
        "auc": 0.5013714179142872,
        "high_conf_accuracy": 0.6428571428571429,
        "threshold": 0.8900000000000003,
        "feature_importance": [
            [
                "ema_99",
                0.041399714893456965
            ],
            [
                "ma_200",
                0.03857420125983768
            ],
            [
                "ma_99",
                0.03360112859823103
            ],
            [
                "obv",
                0.033587178412792504
            ],
            [
                "volatility_30",
                0.03318286620823076
            ],
            [
                "lower_band",
                0.03254769898304411
            ],
            [
                "ema_200",
                0.03208700872284409
            ],
            [
                "volatility_100",
                0.0316461380870879
            ],
            [
                "skew_30",
                0.030980146003807624
            ],
            [
                "lag_vol_5",
                0.030430281700083855
            ]
        ],
        "features": [
            "ema_99",
            "ma_200",
            "ma_99",
            "obv",
            "volatility_30",
            "lower_band",
            "ema_200",
            "volatility_100",
            "skew_30",
            "lag_vol_5"
        ],
        "sample_size": 11170,
        "training_date": "2026-02-08 14:27:26",
        "f1_score": 0.5949625595643295
    },
    "60m": {
        "accuracy": 0.6153846153846154,
        "base_accuracy": 0.45080023710729106,
        "precision": 0.4488999290276792,
        "recall": 0.8083067092651757,
        "f1": 0.5772302076203514,
        "auc": 0.4932963863677707,
        "high_conf_accuracy": 0.6153846153846154,
        "threshold": 0.8600000000000003,
        "feature_importance": [
            [
                "ma_200",
                0.03977559652145819
            ],
            [
                "ema_200",
                0.03950347571724572
            ],
            [
                "obv_ma_20",
                0.03743314553095991
            ],
            [
                "obv",
                0.03675177858047157
            ],
            [
                "volatility_100",
                0.032921240185735126
            ],
            [
                "ema_99",
                0.0325875221878678
            ],
            [
                "lower_band",
                0.032291053542595274
            ],
            [
                "ma_25",
                0.0322102874442836
            ],
            [
                "ma_dist_200",
                0.031032052716602688
            ],
            [
                "kc_upper",
                0.030600042372036874
            ]
        ],
        "features": [
            "ma_200",
            "ema_200",
            "obv_ma_20",
            "obv",
            "volatility_100",
            "ema_99",
            "lower_band",
            "ma_25",
            "ma_dist_200",
            "kc_upper"
        ],
        "sample_size": 16867,
        "training_date": "2026-02-08 14:27:41",
        "f1_score": 0.5772302076203514
    }
}